trip_id,driver,lon,lat,date,speed,direction,odometer,event
1,Alan,-122.12891,37.44529,2009-04-05 13:39:54,11.25,185,743984,N
1,Alan,-122.12596,37.44332,2009-04-05 13:40:24,18.75,117,744344,Y
1,Alan,-122.12817,37.44071,2009-04-05 13:40:54,38.125,218,744713,N
1,Alan,-122.13174,37.43711,2009-04-05 13:41:24,36.25,218,745222,N
1,Alan,-122.132805,37.43598,2009-04-05 13:41:54,0,218,745380,N
1,Alan,-122.132805,37.43598,2009-04-05 13:42:24,0,218,745380,Y
1,Alan,-122.13098,37.43441,2009-04-05 13:42:54,31.875,128,745644,Y
1,Alan,-122.128555,37.432854,2009-04-05 13:43:24,20,129,745920,N
1,Alan,-122.124664,37.43037,2009-04-05 13:43:54,35,129,746360,N
1,Alan,-122.12111,37.428143,2009-04-05 13:44:24,31.875,128,746761,N
1,Alan,-122.11761,37.425934,2009-04-05 13:44:54,31.25,128,747142,N
1,Alan,-122.115524,37.423862,2009-04-05 13:45:24,30.625,236,747516,N
1,Alan,-122.11799,37.422626,2009-04-05 13:45:54,0,59,747779,Y
2,Alan,-122.123276,37.41746,2009-04-05 15:37:02,14.375,36,749150,N
2,Alan,-122.12679,37.420113,2009-04-05 15:37:32,41.875,307,749609,N
2,Alan,-122.13163,37.423153,2009-04-05 15:38:02,39.375,308,750156,N
2,Alan,-122.13619,37.426037,2009-04-05 15:38:32,46.875,308,750671,N
2,Alan,-122.139305,37.429226,2009-04-05 15:39:02,25.625,7,751148,Y
2,Alan,-122.13768,37.43089,2009-04-05 15:39:32,19.375,39,751359,Y
2,Alan,-122.13538,37.433147,2009-04-05 15:40:02,10.625,41,751702,N
2,Alan,-122.13233,37.436165,2009-04-05 15:40:32,33.75,39,752136,N
2,Alan,-122.12894,37.43958,2009-04-05 15:41:02,30,39,752606,N
2,Alan,-122.12632,37.442223,2009-04-05 15:41:32,26.25,39,752981,N
2,Alan,-122.125786,37.44285,2009-04-05 15:42:02,15,39,753071,N
2,Alan,-122.127945,37.44466,2009-04-05 15:42:32,27.5,308,753379,Y
2,Alan,-122.12967,37.445908,2009-04-05 15:43:02,0,339,753600,Y
2,Alan,-122.12768,37.44656,2009-04-05 15:43:32,18.125,71,753793,N
3,Barbara,-122.12667,37.44711,2009-04-13 13:03:28,0,181,756287,N
3,Barbara,-122.12667,37.44711,2009-04-13 13:03:58,0,181,756287,N
3,Barbara,-122.12432,37.448032,2009-04-13 13:04:28,42.5,48,756531,N
3,Barbara,-122.122215,37.448555,2009-04-13 13:04:58,33.75,316,756979,N
3,Barbara,-122.127556,37.452896,2009-04-13 13:05:28,58.75,307,757669,N
3,Barbara,-122.13522,37.457382,2009-04-13 13:05:58,61.875,306,758509,N
3,Barbara,-122.14313,37.46199,2009-04-13 13:06:28,65.625,306,759372,N
3,Barbara,-122.150604,37.466366,2009-04-13 13:06:58,63.125,307,760193,N
3,Barbara,-122.15832,37.470894,2009-04-13 13:07:28,65,306,761040,N
3,Barbara,-122.16637,37.475647,2009-04-13 13:07:58,68.125,306,761929,N
3,Barbara,-122.17487,37.48064,2009-04-13 13:08:28,70.625,307,762862,N
3,Barbara,-122.184364,37.484676,2009-04-13 13:08:58,69.375,288,763819,N
3,Barbara,-122.19455,37.486267,2009-04-13 13:09:28,66.875,279,764739,N
3,Barbara,-122.20436,37.487465,2009-04-13 13:09:58,67.5,279,765617,N
3,Barbara,-122.214424,37.48954,2009-04-13 13:10:28,70,293,766536,N
3,Barbara,-122.223885,37.493607,2009-04-13 13:10:58,70,297,767488,N
3,Barbara,-122.2334,37.49654,2009-04-13 13:11:28,65,289,768392,N
3,Barbara,-122.241905,37.50153,2009-04-13 13:11:58,71.25,318,769345,N
3,Barbara,-122.24888,37.50772,2009-04-13 13:12:28,69.375,318,770266,N
3,Barbara,-122.25592,37.513927,2009-04-13 13:12:58,69.375,318,771196,N
3,Barbara,-122.26285,37.520004,2009-04-13 13:13:28,69.375,318,772108,N
3,Barbara,-122.26987,37.526237,2009-04-13 13:13:58,68.75,318,773040,N
3,Barbara,-122.276596,37.532486,2009-04-13 13:14:28,66.875,324,773955,N
3,Barbara,-122.282745,37.539124,2009-04-13 13:14:58,68.125,324,774871,N
3,Barbara,-122.28877,37.545624,2009-04-13 13:15:28,65.625,324,775769,N
3,Barbara,-122.29483,37.55219,2009-04-13 13:15:58,65.625,324,776671,N
3,Barbara,-122.30083,37.558628,2009-04-13 13:16:28,66.25,324,777563,N
3,Barbara,-122.30733,37.564865,2009-04-13 13:16:58,68.75,319,778463,N
3,Barbara,-122.314125,37.571156,2009-04-13 13:17:28,61.875,320,779385,N
3,Barbara,-122.320175,37.576733,2009-04-13 13:17:58,61.25,319,780206,N
3,Barbara,-122.326195,37.582268,2009-04-13 13:18:28,60.625,319,781016,N
3,Barbara,-122.33285,37.58671,2009-04-13 13:18:58,53.75,283,781800,N
3,Barbara,-122.34163,37.587063,2009-04-13 13:19:28,61.25,272,782576,N
3,Barbara,-122.35145,37.587296,2009-04-13 13:19:58,66.25,272,783440,N
3,Barbara,-122.36054,37.589695,2009-04-13 13:20:28,65.625,307,784300,N
3,Barbara,-122.36782,37.594532,2009-04-13 13:20:58,63.125,309,785136,N
3,Barbara,-122.375305,37.599453,2009-04-13 13:21:28,57.5,310,785993,N
3,Barbara,-122.3818,37.603737,2009-04-13 13:21:58,53.75,310,786735,N
3,Barbara,-122.38862,37.608322,2009-04-13 13:22:28,58.125,309,787522,N
3,Barbara,-122.39442,37.612118,2009-04-13 13:22:58,43.75,314,788186,N
3,Barbara,-122.391685,37.61485,2009-04-13 13:23:28,38.75,79,788746,N
3,Barbara,-122.39038,37.61508,2009-04-13 13:23:58,36.875,76,788847,N
3,Barbara,-122.39038,37.61508,2009-04-13 13:24:28,36.875,76,788847,N
3,Barbara,-122.39038,37.61508,2009-04-13 13:24:58,36.875,76,788847,N
3,Barbara,-122.39038,37.61508,2009-04-13 13:25:28,36.875,76,788847,N
3,Barbara,-122.39038,37.61508,2009-04-13 13:25:58,36.875,76,788847,N
4,Barbara,-122.396255,37.612366,2009-04-13 13:33:25,45,149,789439,N
4,Barbara,-122.38887,37.60787,2009-04-13 13:33:55,65,129,790260,N
4,Barbara,-122.38138,37.603043,2009-04-13 13:34:25,62.5,127,791112,N
4,Barbara,-122.37418,37.598373,2009-04-13 13:34:55,61.25,129,791933,N
4,Barbara,-122.36633,37.593254,2009-04-13 13:35:25,61.25,129,792828,N
4,Barbara,-122.359665,37.5889,2009-04-13 13:35:55,55,125,793567,N
4,Barbara,-122.351715,37.587,2009-04-13 13:36:25,56.875,92,794340,N
4,Barbara,-122.34295,37.586792,2009-04-13 13:36:55,56.875,92,795113,N
4,Barbara,-122.33282,37.586487,2009-04-13 13:37:25,66.875,102,796007,N
4,Barbara,-122.32559,37.581436,2009-04-13 13:37:55,67.5,138,796876,N
4,Barbara,-122.31922,37.575523,2009-04-13 13:38:25,65,139,797740,N
4,Barbara,-122.312775,37.569633,2009-04-13 13:38:55,63.75,139,798609,N
4,Barbara,-122.30639,37.563705,2009-04-13 13:39:25,70,139,799471,N
4,Barbara,-122.29961,37.55688,2009-04-13 13:39:55,70.625,144,800437,N
4,Barbara,-122.29321,37.55006,2009-04-13 13:40:25,68.125,144,801385,N
4,Barbara,-122.287895,37.54435,2009-04-13 13:40:55,60,143,802176,N
4,Barbara,-122.28217,37.538143,2009-04-13 13:41:25,66.25,144,803032,N
4,Barbara,-122.27621,37.531704,2009-04-13 13:41:55,63.75,143,803927,N
4,Barbara,-122.270065,37.52611,2009-04-13 13:42:25,63.75,138,804752,N
4,Barbara,-122.263695,37.520504,2009-04-13 13:42:55,60,138,805592,N
4,Barbara,-122.25752,37.515068,2009-04-13 13:43:25,56.25,138,806405,N
4,Barbara,-122.251755,37.509964,2009-04-13 13:43:55,57.5,138,807167,N
4,Barbara,-122.24599,37.50487,2009-04-13 13:44:25,52.5,138,807905,N
4,Barbara,-122.23973,37.49934,2009-04-13 13:44:55,60.625,137,808757,N
4,Barbara,-122.23219,37.49593,2009-04-13 13:45:25,56.25,109,809538,N
4,Barbara,-122.22387,37.49335,2009-04-13 13:45:55,61.25,117,810330,N
4,Barbara,-122.21535,37.489613,2009-04-13 13:46:25,65,115,811193,N
4,Barbara,-122.20637,37.487427,2009-04-13 13:46:55,61.25,99,812025,N
4,Barbara,-122.19684,37.48625,2009-04-13 13:47:25,62.5,99,812877,N
4,Barbara,-122.18778,37.485092,2009-04-13 13:47:55,53.125,102,813663,N
4,Barbara,-122.18039,37.483074,2009-04-13 13:48:25,49.375,117,814358,N
4,Barbara,-122.17447,37.479923,2009-04-13 13:48:55,46.875,125,814990,N
4,Barbara,-122.166885,37.475548,2009-04-13 13:49:25,64.375,126,815840,N
4,Barbara,-122.15921,37.471027,2009-04-13 13:49:55,60.625,126,816688,N
4,Barbara,-122.151566,37.466537,2009-04-13 13:50:25,65.625,126,817528,N
4,Barbara,-122.143585,37.46186,2009-04-13 13:50:55,63.125,126,818403,N
4,Barbara,-122.13572,37.45719,2009-04-13 13:51:25,68.125,126,819272,N
4,Barbara,-122.12713,37.45213,2009-04-13 13:51:55,61.25,129,820218,N
4,Barbara,-122.12504,37.447704,2009-04-13 13:52:25,30,220,820787,N
4,Barbara,-122.12656,37.446922,2009-04-13 13:52:55,0,241,820962,Y
4,Barbara,-122.1275,37.447163,2009-04-13 13:53:25,18.125,359,821078,Y
5,Alan,-122.134926,37.444515,2009-04-13 15:59:33,35,251,821908,N
5,Alan,-122.139496,37.443237,2009-04-13 16:00:03,21.875,251,822332,N
5,Alan,-122.14282,37.442287,2009-04-13 16:00:33,5,249,822663,N
5,Alan,-122.14283,37.442287,2009-04-13 16:01:03,0,244,822667,N
5,Alan,-122.14467,37.44173,2009-04-13 16:01:33,33.75,250,822840,N
5,Alan,-122.14949,37.440346,2009-04-13 16:02:03,31.25,248,823292,N
5,Alan,-122.15447,37.438915,2009-04-13 16:02:33,34.375,247,823742,N
5,Alan,-122.157845,37.439632,2009-04-13 16:03:03,34.375,309,824103,N
5,Alan,-122.16001,37.440994,2009-04-13 16:03:33,0,310,824348,Y
5,Alan,-122.16041,37.441254,2009-04-13 16:04:03,25.625,308,824373,N
5,Alan,-122.16354,37.443184,2009-04-13 16:04:33,25.625,288,824731,N
5,Alan,-122.16511,37.44425,2009-04-13 16:05:03,0,325,824931,Y
5,Alan,-122.16733,37.44563,2009-04-13 16:05:33,37.5,309,825180,N
5,Alan,-122.17148,37.44689,2009-04-13 16:06:03,30,308,825574,N
5,Alan,-122.1761,37.4499,2009-04-13 16:06:33,31.875,312,826112,Y
5,Alan,-122.176956,37.450462,2009-04-13 16:07:03,11.875,308,826221,N
5,Alan,-122.18036,37.452415,2009-04-13 16:07:33,26.25,303,826596,Y
5,Alan,-122.180504,37.453712,2009-04-13 16:08:03,16.25,43,826816,N
5,Alan,-122.17898,37.453426,2009-04-13 16:08:33,7.5,146,826984,N
6,Alan,-122.18213,37.452446,2009-04-13 16:59:31,0,42,827727,N
6,Alan,-122.18213,37.452446,2009-04-13 17:00:01,0,42,827727,N
6,Alan,-122.1811,37.45255,2009-04-13 17:00:31,23.125,122,827841,N
6,Alan,-122.18038,37.452183,2009-04-13 17:01:01,0,123,827916,N
6,Alan,-122.17792,37.450825,2009-04-13 17:01:31,18.75,127,828163,N
6,Alan,-122.17713,37.45035,2009-04-13 17:02:01,26.25,128,828256,N
6,Alan,-122.17337,37.447884,2009-04-13 17:02:31,41.875,128,828679,N
6,Alan,-122.171486,37.446575,2009-04-13 17:03:01,0,134,828920,Y
6,Alan,-122.16829,37.444126,2009-04-13 17:03:31,45.625,133,829293,N
6,Alan,-122.16319,37.439957,2009-04-13 17:04:01,28.75,138,829947,N
6,Alan,-122.16283,37.43964,2009-04-13 17:04:31,0,135,830009,Y
6,Alan,-122.16109,37.438118,2009-04-13 17:05:01,31.875,134,830223,N
6,Alan,-122.16052,37.43765,2009-04-13 17:05:31,0,138,830310,N
6,Alan,-122.16052,37.43765,2009-04-13 17:06:01,0,138,830310,N
6,Alan,-122.16041,37.43754,2009-04-13 17:06:31,10,137,830310,N
6,Alan,-122.15655,37.438164,2009-04-13 17:07:01,36.875,71,830672,N
6,Alan,-122.15183,37.43968,2009-04-13 17:07:31,25.625,70,831139,N
6,Alan,-122.14747,37.440907,2009-04-13 17:08:01,34.375,70,831550,N
6,Alan,-122.145065,37.44163,2009-04-13 17:08:31,0,77,831777,N
6,Alan,-122.14206,37.44249,2009-04-13 17:09:01,22.5,70,832061,N
6,Alan,-122.13975,37.44314,2009-04-13 17:09:31,30,70,832278,N
6,Alan,-122.135345,37.444405,2009-04-13 17:10:01,31.875,71,832680,N
6,Alan,-122.13103,37.445644,2009-04-13 17:10:31,27.5,71,833074,N
6,Alan,-122.127625,37.44662,2009-04-13 17:11:01,13.125,71,833395,N
6,Alan,-122.127625,37.44758,2009-04-13 17:11:31,3.125,264,833510,N
7,Alan,-122.12432,37.447628,2009-04-15 11:57:03,40,80,833937,N
7,Alan,-122.11962,37.445393,2009-04-15 11:57:33,38.75,137,834446,N
7,Alan,-122.115456,37.44151,2009-04-15 11:58:03,53.75,140,835005,N
7,Alan,-122.10986,37.436176,2009-04-15 11:58:33,59.375,140,835803,N
7,Alan,-122.10368,37.43023,2009-04-15 11:59:03,64.375,140,836662,N
7,Alan,-122.09739,37.424377,2009-04-15 11:59:33,65.625,135,837515,N
7,Alan,-122.09224,37.419914,2009-04-15 12:00:03,28.75,211,838200,Y
7,Alan,-122.09354,37.419827,2009-04-15 12:00:33,0,341,838351,N
7,Alan,-122.09353,37.42003,2009-04-15 12:01:03,0,4,838351,N
7,Alan,-122.09352,37.42016,2009-04-15 12:01:33,0,351,838387,N
7,Alan,-122.09429,37.420113,2009-04-15 12:02:03,8.125,275,838437,N
8,Alan,-122.09672,37.419163,2009-04-15 13:27:38,14.375,275,838777,Y
8,Alan,-122.10044,37.419376,2009-04-15 13:28:08,30,274,839114,N
8,Alan,-122.102394,37.41897,2009-04-15 13:28:38,28.75,194,839297,N
8,Alan,-122.10291,37.4177,2009-04-15 13:29:08,0,199,839469,Y
8,Alan,-122.10316,37.416996,2009-04-15 13:29:38,8.75,197,839551,N
8,Alan,-122.10411,37.41462,2009-04-15 13:30:08,23.125,201,839819,N
8,Alan,-122.10582,37.41223,2009-04-15 13:30:38,29.375,215,840122,Y
8,Alan,-122.107864,37.409996,2009-04-15 13:31:08,26.25,214,840421,Y
8,Alan,-122.111115,37.41025,2009-04-15 13:31:38,40,309,840805,N
8,Alan,-122.116394,37.41354,2009-04-15 13:32:08,42.5,309,841395,N
8,Alan,-122.11828,37.41475,2009-04-15 13:32:38,0,310,841629,N
8,Alan,-122.11828,37.41475,2009-04-15 13:33:08,0,310,841629,Y
8,Alan,-122.121956,37.41707,2009-04-15 13:33:38,35.625,308,842028,N
8,Alan,-122.12281,37.417576,2009-04-15 13:34:08,0,313,842140,Y
8,Alan,-122.124596,37.416058,2009-04-15 13:34:38,26.25,213,842390,Y
8,Alan,-122.125496,37.415054,2009-04-15 13:35:08,0,197,842540,N
9,Alan,-122.15375,37.42969,2009-04-15 15:42:12,27.5,87,846531,N
9,Alan,-122.15204,37.42981,2009-04-15 15:42:42,0,68,846712,N
9,Alan,-122.15204,37.42981,2009-04-15 15:43:12,0,68,846712,N
9,Alan,-122.15204,37.42981,2009-04-15 15:43:42,0,68,846712,Y
9,Alan,-122.15251,37.430656,2009-04-15 15:44:12,34.375,320,846830,N
9,Alan,-122.1539,37.433296,2009-04-15 15:44:42,31.875,39,847190,N
9,Alan,-122.151634,37.435555,2009-04-15 15:45:12,0,38,847526,N
9,Alan,-122.15164,37.435555,2009-04-15 15:45:42,0,38,847526,N
9,Alan,-122.15164,37.435555,2009-04-15 15:46:12,0,38,847526,N
9,Alan,-122.15164,37.435555,2009-04-15 15:46:42,0,38,847526,Y
10,Alan,-122.14933,37.437843,2009-04-15 15:48:09,22.5,39,847852,Y
10,Alan,-122.14737,37.439823,2009-04-15 15:48:39,31.25,41,848117,Y
10,Alan,-122.14604,37.441174,2009-04-15 15:49:09,0,43,848323,N
10,Alan,-122.14604,37.441174,2009-04-15 15:49:39,0,43,848323,N
10,Alan,-122.14604,37.441174,2009-04-15 15:50:09,0,43,848323,N
10,Alan,-122.14452,37.441746,2009-04-15 15:50:39,0,68,848473,N
10,Alan,-122.14452,37.441746,2009-04-15 15:51:09,0,68,848473,N
10,Alan,-122.14386,37.441917,2009-04-15 15:51:39,20.625,72,848525,N
10,Alan,-122.14026,37.44297,2009-04-15 15:52:09,6.25,57,848867,N
10,Alan,-122.14026,37.442963,2009-04-15 15:52:39,0,69,848875,Y
10,Alan,-122.14021,37.442963,2009-04-15 15:53:09,14.375,71,848875,N
10,Alan,-122.14057,37.444534,2009-04-15 15:53:39,5.625,269,849132,Y
10,Alan,-122.14323,37.444557,2009-04-15 15:54:09,20,272,849371,N
10,Alan,-122.14489,37.445007,2009-04-15 15:54:39,8.125,20,849537,N
11,Alan,-122.12221,37.449112,2009-04-16 13:31:30,32.5,74,852238,N
11,Alan,-122.12383,37.45008,2009-04-16 13:32:00,42.5,320,852651,N
11,Alan,-122.12896,37.45365,2009-04-16 13:32:30,55,306,853276,N
11,Alan,-122.13636,37.457985,2009-04-16 13:33:00,63.75,306,854087,N
11,Alan,-122.14427,37.462627,2009-04-16 13:33:30,67.5,307,854953,N
11,Alan,-122.152565,37.467495,2009-04-16 13:34:00,70,306,855860,N
11,Alan,-122.16113,37.472515,2009-04-16 13:34:30,71.875,307,856801,N
11,Alan,-122.16971,37.47754,2009-04-16 13:35:00,65.625,306,857742,N
11,Alan,-122.17728,37.481956,2009-04-16 13:35:30,61.875,305,858570,N
11,Alan,-122.18558,37.484943,2009-04-16 13:36:00,60,286,859380,N
11,Alan,-122.19543,37.486385,2009-04-16 13:36:30,68.125,279,860266,N
11,Alan,-122.20481,37.48758,2009-04-16 13:37:00,57.5,279,861107,N
11,Alan,-122.2111,37.489613,2009-04-16 13:37:30,33.75,323,861734,N
11,Alan,-122.21393,37.48858,2009-04-16 13:38:00,23.125,303,862083,N
11,Alan,-122.21836,37.48903,2009-04-16 13:38:30,38.125,279,862490,N
11,Alan,-122.22163,37.489407,2009-04-16 13:39:00,0,282,862800,N
11,Alan,-122.22163,37.489407,2009-04-16 13:39:30,0,282,862800,N
11,Alan,-122.22163,37.489407,2009-04-16 13:40:00,0,282,862800,Y
11,Alan,-122.22304,37.4876,2009-04-16 13:40:30,16.875,210,863015,N
11,Alan,-122.22354,37.486874,2009-04-16 13:41:00,0,201,863132,Y
11,Alan,-122.22402,37.486427,2009-04-16 13:41:30,7.5,359,863189,N
12,Alan,-122.21845,37.486954,2009-04-16 14:30:43,0,96,863746,N
12,Alan,-122.21845,37.486954,2009-04-16 14:31:13,0,96,863746,Y
12,Alan,-122.21615,37.48705,2009-04-16 14:31:43,28.75,87,863950,N
12,Alan,-122.214806,37.487118,2009-04-16 14:32:13,0,108,864070,N
12,Alan,-122.21475,37.48711,2009-04-16 14:32:43,9.375,96,864070,N
12,Alan,-122.21155,37.48807,2009-04-16 14:33:13,36.875,92,864393,N
12,Alan,-122.20403,37.4872,2009-04-16 14:33:43,58.125,99,865077,N
12,Alan,-122.19465,37.48604,2009-04-16 14:34:13,63.125,99,865911,N
12,Alan,-122.18546,37.484676,2009-04-16 14:34:43,62.5,106,866740,N
12,Alan,-122.17687,37.481384,2009-04-16 14:35:13,65,125,867589,N
12,Alan,-122.168335,37.476425,2009-04-16 14:35:43,69.375,126,868523,N
12,Alan,-122.159805,37.4714,2009-04-16 14:36:13,69.375,126,869464,N
12,Alan,-122.151794,37.466682,2009-04-16 14:36:43,66.25,127,870347,N
12,Alan,-122.14378,37.461987,2009-04-16 14:37:13,64.375,126,871225,N
12,Alan,-122.13656,37.45775,2009-04-16 14:37:43,55,126,872020,N
12,Alan,-122.12925,37.45342,2009-04-16 14:38:13,57.5,126,872827,N
12,Alan,-122.12468,37.44903,2009-04-16 14:38:43,41.25,179,873489,N
12,Alan,-122.12603,37.447365,2009-04-16 14:39:13,0,262,873755,Y
13,Barbara,-122.14481,37.445675,2009-04-17 11:32:56,18.75,269,876660,N
13,Barbara,-122.14632,37.4465,2009-04-17 11:33:26,9.375,4,876894,N
13,Barbara,-122.14632,37.448627,2009-04-17 11:33:56,8.125,355,877127,N
13,Barbara,-122.14722,37.44883,2009-04-17 11:34:26,19.375,271,877227,N
13,Barbara,-122.15039,37.44883,2009-04-17 11:34:56,13.125,272,877487,N
13,Barbara,-122.15276,37.45019,2009-04-17 11:35:26,18.75,308,877752,N
13,Barbara,-122.15407,37.44942,2009-04-17 11:35:56,15,219,877930,N
13,Barbara,-122.15439,37.449226,2009-04-17 11:36:26,10.625,302,877964,N
13,Barbara,-122.15668,37.450687,2009-04-17 11:36:56,0,314,878235,N
13,Barbara,-122.15668,37.450687,2009-04-17 11:37:26,0,314,878235,N
13,Barbara,-122.15668,37.450687,2009-04-17 11:37:56,0,314,878235,N
13,Barbara,-122.15735,37.450237,2009-04-17 11:38:26,6.25,218,878292,N
13,Barbara,-122.1577,37.449886,2009-04-17 11:38:56,16.25,216,878358,N
13,Barbara,-122.1584,37.449184,2009-04-17 11:39:26,0,219,878466,N
13,Barbara,-122.15887,37.44867,2009-04-17 11:39:56,0,223,878536,N
13,Barbara,-122.15948,37.448074,2009-04-17 11:40:26,0,216,878622,N
13,Barbara,-122.15973,37.447838,2009-04-17 11:40:56,5.625,217,878650,N
13,Barbara,-122.16029,37.447243,2009-04-17 11:41:26,14.375,222,878716,N
13,Barbara,-122.161865,37.44564,2009-04-17 11:41:56,20,219,878966,N
13,Barbara,-122.16214,37.445343,2009-04-17 11:42:26,0,216,879007,N
13,Barbara,-122.163345,37.446037,2009-04-17 11:42:56,0,326,879140,N
13,Barbara,-122.16238,37.446365,2009-04-17 11:43:26,6.25,131,879247,N
13,Barbara,-122.16175,37.445988,2009-04-17 11:43:56,0,136,879340,N
13,Barbara,-122.16175,37.445988,2009-04-17 11:44:26,0,136,879340,N
13,Barbara,-122.16127,37.446194,2009-04-17 11:44:56,0,39,879391,N
13,Barbara,-122.16041,37.44712,2009-04-17 11:45:26,16.875,39,879498,N
13,Barbara,-122.15937,37.448193,2009-04-17 11:45:56,0,30,879670,N
13,Barbara,-122.15872,37.448902,2009-04-17 11:46:26,18.125,34,879760,N
13,Barbara,-122.15743,37.45015,2009-04-17 11:46:56,0,37,879947,N
13,Barbara,-122.15743,37.45015,2009-04-17 11:47:26,0,37,879947,N
13,Barbara,-122.15613,37.45143,2009-04-17 11:47:56,18.75,39,880122,N
13,Barbara,-122.15373,37.45386,2009-04-17 11:48:26,29.375,39,880461,N
13,Barbara,-122.15051,37.455837,2009-04-17 11:48:56,26.25,98,880846,N
13,Barbara,-122.14693,37.45518,2009-04-17 11:49:26,18.125,179,881199,N
13,Barbara,-122.14693,37.453197,2009-04-17 11:49:56,15.625,182,881420,N
13,Barbara,-122.14501,37.45277,2009-04-17 11:50:26,25,91,881628,N
13,Barbara,-122.14318,37.451984,2009-04-17 11:50:56,8.125,182,881858,N
13,Barbara,-122.1432,37.449245,2009-04-17 11:51:26,19.375,181,882144,N
13,Barbara,-122.14174,37.448734,2009-04-17 11:51:56,15,92,882316,N
13,Barbara,-122.13783,37.448753,2009-04-17 11:52:26,31.25,90,882668,N
13,Barbara,-122.13445,37.448757,2009-04-17 11:52:56,30.625,90,882967,N
13,Barbara,-122.130035,37.448746,2009-04-17 11:53:26,16.875,90,883353,N
13,Barbara,-122.127556,37.44799,2009-04-17 11:53:56,16.25,180,883603,N
14,Alan,-122.12785,37.444443,2009-04-19 14:11:38,26.25,129,884105,N
14,Alan,-122.126205,37.442543,2009-04-19 14:12:08,31.25,218,884415,N
14,Alan,-122.12986,37.43888,2009-04-19 14:12:38,41.25,218,884937,N
14,Alan,-122.132904,37.435787,2009-04-19 14:13:08,8.125,217,885370,N
14,Alan,-122.13131,37.434563,2009-04-19 14:13:38,34.375,129,885576,Y
14,Alan,-122.1303,37.4339,2009-04-19 14:14:08,16.875,131,885671,Y
14,Alan,-122.12819,37.43257,2009-04-19 14:14:38,25,127,885929,N
14,Alan,-122.12451,37.43023,2009-04-19 14:15:08,36.25,129,886330,N
14,Alan,-122.12001,37.427406,2009-04-19 14:15:38,36.875,128,886855,N
14,Alan,-122.11754,37.42581,2009-04-19 14:16:08,0,151,887138,N
15,Alan,-122.12322,37.417698,2009-04-19 15:55:03,0,37,889216,N
15,Alan,-122.12322,37.417683,2009-04-19 15:55:33,5,34,889216,N
15,Alan,-122.12698,37.420315,2009-04-19 15:56:03,42.5,307,889645,N
15,Alan,-122.13216,37.42355,2009-04-19 15:56:33,45.625,308,890226,N
15,Alan,-122.1376,37.42698,2009-04-19 15:57:03,44.375,308,890841,N
15,Alan,-122.13855,37.430096,2009-04-19 15:57:33,40.625,38,891276,N
15,Alan,-122.13434,37.43432,2009-04-19 15:58:03,42.5,38,891891,N
15,Alan,-122.13308,37.435585,2009-04-19 15:58:33,0,41,892072,N
15,Alan,-122.13308,37.435585,2009-04-19 15:59:03,0,41,892072,Y
15,Alan,-122.13076,37.437904,2009-04-19 15:59:33,43.125,39,892382,N
15,Alan,-122.12824,37.44044,2009-04-19 16:00:03,0,39,892761,Y
15,Alan,-122.12612,37.442577,2009-04-19 16:00:33,35.625,39,893063,N
15,Alan,-122.125656,37.4433,2009-04-19 16:01:03,15.625,303,893147,N
15,Alan,-122.12892,37.44526,2009-04-19 16:01:33,8.125,306,893518,N
15,Alan,-122.127594,37.4466,2009-04-19 16:02:03,5.625,71,893825,N
15,Alan,-122.12752,37.44715,2009-04-19 16:02:33,23.75,359,893888,N
16,Barbara,-122.12518,37.451874,2009-04-22 09:07:51,8.75,31,899249,N
16,Barbara,-122.12522,37.452103,2009-04-22 09:08:21,0,279,899267,N
16,Barbara,-122.125275,37.452095,2009-04-22 09:08:51,0,248,899267,N
16,Barbara,-122.125275,37.452095,2009-04-22 09:09:21,0,248,899267,N
16,Barbara,-122.126045,37.45207,2009-04-22 09:09:51,17.5,311,899349,N
16,Barbara,-122.12967,37.454292,2009-04-22 09:10:21,9.375,307,899751,Y
16,Barbara,-122.13163,37.45543,2009-04-22 09:10:51,33.125,306,899955,N
16,Barbara,-122.13544,37.457798,2009-04-22 09:11:21,33.125,307,900384,N
16,Barbara,-122.13804,37.460445,2009-04-22 09:11:51,5.625,1,900785,N
16,Barbara,-122.138176,37.46195,2009-04-22 09:12:21,10.625,336,900957,N
16,Barbara,-122.14038,37.462753,2009-04-22 09:12:51,26.875,273,901200,N
16,Barbara,-122.14161,37.462803,2009-04-22 09:13:21,0,278,901309,N
16,Barbara,-122.14163,37.46398,2009-04-22 09:13:51,30.625,3,901428,N
16,Barbara,-122.14139,37.46802,2009-04-22 09:14:21,26.25,3,901877,Y
16,Barbara,-122.14133,37.468517,2009-04-22 09:14:51,14.375,14,901938,N
16,Barbara,-122.13939,37.471516,2009-04-22 09:15:21,12.5,14,902296,N
16,Barbara,-122.13937,37.471577,2009-04-22 09:15:51,0,12,902327,Y
16,Barbara,-122.13939,37.472466,2009-04-22 09:16:21,31.25,357,902413,N
16,Barbara,-122.13952,37.476418,2009-04-22 09:16:51,17.5,359,902868,N
16,Barbara,-122.13965,37.480534,2009-04-22 09:17:21,45,358,903325,N
16,Barbara,-122.141525,37.485744,2009-04-22 09:17:51,39.375,330,903933,N
16,Barbara,-122.138985,37.48957,2009-04-22 09:18:21,49.375,41,904481,N
16,Barbara,-122.13369,37.494373,2009-04-22 09:18:51,55,41,905172,N
16,Barbara,-122.128265,37.49932,2009-04-22 09:19:21,55.625,47,905930,N
16,Barbara,-122.12182,37.503666,2009-04-22 09:19:51,56.25,50,906680,N
16,Barbara,-122.11513,37.50814,2009-04-22 09:20:21,60.625,50,907454,N
16,Barbara,-122.1089,37.513382,2009-04-22 09:20:51,60,35,908257,N
16,Barbara,-122.10452,37.519356,2009-04-22 09:21:21,55.625,30,909027,N
16,Barbara,-122.09955,37.524708,2009-04-22 09:21:51,56.25,42,909777,N
16,Barbara,-122.09354,37.529835,2009-04-22 09:22:21,58.125,47,910553,N
16,Barbara,-122.08526,37.533012,2009-04-22 09:22:51,61.875,79,911376,N
16,Barbara,-122.07647,37.534637,2009-04-22 09:23:21,58.75,66,912182,N
16,Barbara,-122.06932,37.538727,2009-04-22 09:23:51,58.125,47,912967,N
16,Barbara,-122.06296,37.54358,2009-04-22 09:24:21,58.125,46,913746,N
16,Barbara,-122.05631,37.54866,2009-04-22 09:24:51,60,46,914559,N
16,Barbara,-122.04931,37.553562,2009-04-22 09:25:21,61.25,52,915384,N
16,Barbara,-122.04278,37.558285,2009-04-22 09:25:51,56.875,39,916165,N
16,Barbara,-122.03893,37.562836,2009-04-22 09:26:21,33.125,32,916762,N
16,Barbara,-122.03832,37.5637,2009-04-22 09:26:51,35,318,917191,N
16,Barbara,-122.04347,37.56851,2009-04-22 09:27:21,58.125,324,917892,N
16,Barbara,-122.04684,37.57506,2009-04-22 09:27:51,60,345,918687,N
16,Barbara,-122.049164,37.581783,2009-04-22 09:28:21,53.125,342,919441,N
16,Barbara,-122.052925,37.587856,2009-04-22 09:28:51,58.75,330,920221,N
16,Barbara,-122.05702,37.59363,2009-04-22 09:29:21,55.625,330,920960,N
16,Barbara,-122.06061,37.59868,2009-04-22 09:29:51,56.25,331,921608,N
16,Barbara,-122.06452,37.60434,2009-04-22 09:30:21,22.5,334,922317,N
16,Barbara,-122.06518,37.60585,2009-04-22 09:30:51,12.5,9,922491,N
16,Barbara,-122.065094,37.606083,2009-04-22 09:31:21,0,23,922536,N
16,Barbara,-122.06498,37.606342,2009-04-22 09:31:51,13.125,15,922561,N
16,Barbara,-122.06494,37.60701,2009-04-22 09:32:21,8.125,356,922631,N
16,Barbara,-122.064964,37.60712,2009-04-22 09:32:51,0,0,922631,N
16,Barbara,-122.06506,37.607742,2009-04-22 09:33:21,30,347,922724,N
16,Barbara,-122.066826,37.611797,2009-04-22 09:33:51,38.75,14,923216,N
16,Barbara,-122.06347,37.61638,2009-04-22 09:34:21,42.5,45,923803,N
16,Barbara,-122.061874,37.61797,2009-04-22 09:34:51,0,3,924053,N
16,Barbara,-122.06282,37.61888,2009-04-22 09:35:21,22.5,311,924177,N
16,Barbara,-122.06415,37.621624,2009-04-22 09:35:51,28.75,342,924534,N
16,Barbara,-122.065605,37.624805,2009-04-22 09:36:21,20,340,924893,N
16,Barbara,-122.063835,37.62607,2009-04-22 09:36:51,16.25,52,925160,N
16,Barbara,-122.06428,37.627403,2009-04-22 09:37:21,0,346,925323,N
17,Barbara,-122.0645,37.62798,2009-04-22 10:24:39,0,343,925392,N
17,Barbara,-122.06622,37.628075,2009-04-22 10:25:09,18.125,343,925558,N
17,Barbara,-122.06766,37.629173,2009-04-22 10:25:39,29.375,340,925789,N
17,Barbara,-122.0689,37.631546,2009-04-22 10:26:09,0,326,926076,N
17,Barbara,-122.0689,37.631546,2009-04-22 10:26:39,0,326,926076,Y
17,Barbara,-122.07198,37.631535,2009-04-22 10:27:09,29.375,264,926356,N
17,Barbara,-122.075584,37.631355,2009-04-22 10:27:39,0,272,926674,N
17,Barbara,-122.07741,37.631397,2009-04-22 10:28:09,30,271,926822,N
17,Barbara,-122.07945,37.631443,2009-04-22 10:28:39,19.375,273,927015,N
17,Barbara,-122.0847,37.631565,2009-04-22 10:29:09,35.625,272,927476,N
17,Barbara,-122.088524,37.63168,2009-04-22 10:29:39,12.5,272,927794,N
17,Barbara,-122.09225,37.63176,2009-04-22 10:30:09,23.125,269,928130,N
17,Barbara,-122.09614,37.631226,2009-04-22 10:30:39,15,247,928488,N
17,Barbara,-122.097244,37.63193,2009-04-22 10:31:09,26.875,335,928626,N
17,Barbara,-122.09913,37.63502,2009-04-22 10:31:39,12.5,333,929009,N
17,Barbara,-122.100494,37.637276,2009-04-22 10:32:09,33.75,332,929311,N
17,Barbara,-122.101616,37.63909,2009-04-22 10:32:39,0,338,929535,N
17,Barbara,-122.102234,37.640087,2009-04-22 10:33:09,31.25,334,929658,N
17,Barbara,-122.104576,37.643913,2009-04-22 10:33:39,29.375,334,930132,N
17,Barbara,-122.10518,37.64489,2009-04-22 10:34:09,22.5,334,930243,N
17,Barbara,-122.10712,37.64803,2009-04-22 10:34:39,27.5,334,930629,N
17,Barbara,-122.10905,37.651176,2009-04-22 10:35:09,37.5,334,931014,N
17,Barbara,-122.11138,37.654945,2009-04-22 10:35:39,29.375,331,931487,N
17,Barbara,-122.11324,37.65786,2009-04-22 10:36:09,0,332,931863,N
17,Barbara,-122.1148,37.660374,2009-04-22 10:36:39,31.25,333,932174,N
17,Barbara,-122.1166,37.66327,2009-04-22 10:37:09,32.5,334,932520,N
17,Barbara,-122.11747,37.664795,2009-04-22 10:37:39,0,338,932722,N
17,Barbara,-122.11756,37.664936,2009-04-22 10:38:09,15,335,932722,N
17,Barbara,-122.11922,37.667538,2009-04-22 10:38:39,13.75,332,933064,N
17,Barbara,-122.11927,37.66761,2009-04-22 10:39:09,0,329,933073,N
17,Barbara,-122.11927,37.66761,2009-04-22 10:39:39,0,329,933073,N
17,Barbara,-122.121185,37.66707,2009-04-22 10:40:09,10,269,933252,N
17,Barbara,-122.12185,37.66769,2009-04-22 10:40:39,5.625,267,933340,N
17,Barbara,-122.12213,37.667435,2009-04-22 10:41:09,0,141,933386,N
18,Barbara,-122.11959,37.667656,2009-04-22 12:38:37,7.5,91,933661,N
18,Barbara,-122.11836,37.66596,2009-04-22 12:39:07,0,154,933887,N
18,Barbara,-122.11723,37.66566,2009-04-22 12:39:37,26.875,86,934002,N
18,Barbara,-122.11206,37.66597,2009-04-22 12:40:07,25.625,85,934472,N
18,Barbara,-122.11017,37.666077,2009-04-22 12:40:37,28.125,86,934626,N
18,Barbara,-122.108315,37.666145,2009-04-22 12:41:07,0,86,934804,N
18,Barbara,-122.106255,37.663563,2009-04-22 12:41:37,48.125,153,935126,N
18,Barbara,-122.10314,37.658722,2009-04-22 12:42:07,60,153,935755,N
18,Barbara,-122.09929,37.652424,2009-04-22 12:42:37,50.625,154,936536,N
18,Barbara,-122.09589,37.64719,2009-04-22 12:43:07,55,150,937191,N
18,Barbara,-122.091255,37.64076,2009-04-22 12:43:37,57.5,149,938013,N
18,Barbara,-122.08697,37.634678,2009-04-22 12:44:07,58.75,154,938788,N
18,Barbara,-122.085754,37.630943,2009-04-22 12:44:37,28.125,339,939386,N
18,Barbara,-122.08222,37.631393,2009-04-22 12:45:07,43.75,92,939714,N
18,Barbara,-122.07751,37.631264,2009-04-22 12:45:37,22.5,92,940128,N
18,Barbara,-122.0762,37.631237,2009-04-22 12:46:07,0,90,940264,N
18,Barbara,-122.07543,37.631218,2009-04-22 12:46:37,28.125,93,940319,N
18,Barbara,-122.06988,37.631546,2009-04-22 12:47:07,30,87,940810,N
18,Barbara,-122.06816,37.630104,2009-04-22 12:47:37,26.875,160,941060,N
18,Barbara,-122.06664,37.628193,2009-04-22 12:48:07,20,73,941363,N
18,Barbara,-122.064476,37.627644,2009-04-22 12:48:37,20.625,166,941620,N
19,Barbara,-122.0658,37.625465,2009-04-22 14:10:39,0,229,942029,N
19,Barbara,-122.06453,37.622368,2009-04-22 14:11:09,35,160,942379,N
19,Barbara,-122.06309,37.618946,2009-04-22 14:11:39,26.25,132,942802,N
19,Barbara,-122.06463,37.61794,2009-04-22 14:12:09,29.375,263,943122,N
19,Barbara,-122.069786,37.617535,2009-04-22 14:12:39,3.125,262,943557,N
19,Barbara,-122.069786,37.617535,2009-04-22 14:13:09,0,262,943580,N
19,Barbara,-122.071724,37.617504,2009-04-22 14:13:39,38.125,271,943734,N
19,Barbara,-122.07527,37.61824,2009-04-22 14:14:09,20,101,944159,N
19,Barbara,-122.07188,37.613777,2009-04-22 14:14:39,48.125,150,944739,N
19,Barbara,-122.068016,37.608418,2009-04-22 14:15:09,49.375,150,945450,N
19,Barbara,-122.06357,37.60218,2009-04-22 14:15:39,60,150,946250,N
19,Barbara,-122.05904,37.595818,2009-04-22 14:16:09,58.75,151,947059,N
19,Barbara,-122.05435,37.58926,2009-04-22 14:16:39,65.625,150,947894,N
19,Barbara,-122.04987,37.582607,2009-04-22 14:17:09,61.25,158,948734,N
19,Barbara,-122.04736,37.575596,2009-04-22 14:17:39,53.75,165,949543,N
19,Barbara,-122.044556,37.56925,2009-04-22 14:18:09,51.25,150,950296,N
19,Barbara,-122.040215,37.56464,2009-04-22 14:18:39,43.75,147,950938,N
19,Barbara,-122.04216,37.559135,2009-04-22 14:19:09,61.25,212,951609,N
19,Barbara,-122.048904,37.55395,2009-04-22 14:19:39,63.125,234,952438,N
19,Barbara,-122.055824,37.549263,2009-04-22 14:20:09,58.75,226,953240,N
19,Barbara,-122.06255,37.544094,2009-04-22 14:20:39,57.5,226,954069,N
19,Barbara,-122.06893,37.53925,2009-04-22 14:21:09,57.5,226,954849,N
19,Barbara,-122.07437,37.535824,2009-04-22 14:21:39,24.375,240,955464,N
19,Barbara,-122.07504,37.535545,2009-04-22 14:22:09,3.125,240,955509,N
19,Barbara,-122.077736,37.53457,2009-04-22 14:22:39,45.625,245,955793,N
19,Barbara,-122.085846,37.53303,2009-04-22 14:23:09,60,259,956531,N
19,Barbara,-122.09397,37.52971,2009-04-22 14:23:39,62.5,226,957352,N
19,Barbara,-122.10038,37.524155,2009-04-22 14:24:09,56.25,223,958193,N
19,Barbara,-122.10557,37.518143,2009-04-22 14:24:39,58.75,209,959008,N
19,Barbara,-122.11028,37.512062,2009-04-22 14:25:09,60.625,218,959803,N
19,Barbara,-122.11671,37.507156,2009-04-22 14:25:39,58.75,230,960592,N
19,Barbara,-122.12363,37.502483,2009-04-22 14:26:09,61.875,230,961393,N
19,Barbara,-122.13066,37.49745,2009-04-22 14:26:39,60.625,223,962230,N
19,Barbara,-122.13642,37.492077,2009-04-22 14:27:09,57.5,222,963013,N
19,Barbara,-122.14172,37.48727,2009-04-22 14:27:39,43.75,222,963722,N
19,Barbara,-122.14262,37.486465,2009-04-22 14:28:09,0,208,963843,N
19,Barbara,-122.14161,37.485344,2009-04-22 14:28:39,39.375,152,964000,N
19,Barbara,-122.139755,37.479794,2009-04-22 14:29:09,47.5,179,964647,N
19,Barbara,-122.13962,37.474976,2009-04-22 14:29:39,40,177,965183,N
19,Barbara,-122.13957,37.472076,2009-04-22 14:30:09,0,179,965508,N
19,Barbara,-122.13957,37.472076,2009-04-22 14:30:39,0,179,965508,N
19,Barbara,-122.14088,37.469604,2009-04-22 14:31:09,28.125,206,965809,N
19,Barbara,-122.14161,37.466324,2009-04-22 14:31:39,29.375,182,966170,N
19,Barbara,-122.141785,37.463314,2009-04-22 14:32:09,4.375,181,966505,N
19,Barbara,-122.14096,37.4606,2009-04-22 14:32:39,29.375,165,966835,N
19,Barbara,-122.14085,37.4595,2009-04-22 14:33:09,0,184,966959,N
19,Barbara,-122.1388,37.45893,2009-04-22 14:33:39,32.5,121,967212,N
19,Barbara,-122.13362,37.456013,2009-04-22 14:34:09,48.125,126,967766,N
19,Barbara,-122.12715,37.452187,2009-04-22 14:34:39,51.875,129,968477,N
19,Barbara,-122.12507,37.44756,2009-04-22 14:35:09,38.125,215,969090,N
19,Barbara,-122.12761,37.44754,2009-04-22 14:35:39,3.75,271,969422,N
19,Barbara,-122.12764,37.44754,2009-04-22 14:36:09,0,261,969441,N
20,Barbara,-122.126656,37.447144,2009-04-23 10:49:29,1.25,185,969712,N
20,Barbara,-122.12665,37.44697,2009-04-23 10:49:59,11.875,156,969712,N
20,Barbara,-122.12293,37.448868,2009-04-23 10:50:29,36.25,63,970133,N
20,Barbara,-122.12307,37.449314,2009-04-23 10:50:59,36.875,320,970532,N
20,Barbara,-122.12831,37.45328,2009-04-23 10:51:29,55.625,307,971175,N
20,Barbara,-122.13515,37.45728,2009-04-23 10:51:59,57.5,306,971926,N
20,Barbara,-122.142166,37.461395,2009-04-23 10:52:29,55,306,972673,N
20,Barbara,-122.147575,37.464554,2009-04-23 10:52:59,31.875,307,973277,N
20,Barbara,-122.152855,37.467632,2009-04-23 10:53:29,49.375,306,973850,N
20,Barbara,-122.15875,37.47109,2009-04-23 10:53:59,49.375,306,974498,N
20,Barbara,-122.16571,37.475193,2009-04-23 10:54:29,60.625,306,975287,N
20,Barbara,-122.17342,37.479717,2009-04-23 10:54:59,62.5,306,976134,N
20,Barbara,-122.1812,37.483704,2009-04-23 10:55:29,61.25,294,976951,N
20,Barbara,-122.19034,37.485783,2009-04-23 10:55:59,62.5,279,977794,N
20,Barbara,-122.19932,37.486877,2009-04-23 10:56:29,60,279,978605,N
20,Barbara,-122.20812,37.488045,2009-04-23 10:56:59,48.75,285,979395,N
20,Barbara,-122.21264,37.489468,2009-04-23 10:57:29,33.75,199,979923,N
20,Barbara,-122.216064,37.488754,2009-04-23 10:57:59,31.875,279,980292,N
20,Barbara,-122.22102,37.489357,2009-04-23 10:58:29,25.625,279,980723,N
20,Barbara,-122.22557,37.489914,2009-04-23 10:58:59,34.375,279,981126,N
20,Barbara,-122.226425,37.490025,2009-04-23 10:59:29,0,277,981218,N
20,Barbara,-122.228,37.49028,2009-04-23 10:59:59,3.75,287,981336,Y
20,Barbara,-122.22847,37.48962,2009-04-23 11:00:29,24.375,176,981475,N
20,Barbara,-122.2286,37.489265,2009-04-23 11:00:59,0,246,981524,N
20,Barbara,-122.2286,37.489265,2009-04-23 11:01:29,0,246,981524,N
20,Barbara,-122.2286,37.489265,2009-04-23 11:01:59,0,246,981524,N
20,Barbara,-122.2286,37.489265,2009-04-23 11:02:29,0,246,981524,N
21,Barbara,-122.22821,37.48637,2009-04-23 11:59:37,13.125,180,982780,N
21,Barbara,-122.22814,37.484985,2009-04-23 12:00:07,0,191,982951,N
21,Barbara,-122.229416,37.483757,2009-04-23 12:00:37,30,225,983129,N
21,Barbara,-122.22913,37.48167,2009-04-23 12:01:07,30,132,983441,N
21,Barbara,-122.22633,37.479637,2009-04-23 12:01:37,20,132,983767,N
21,Barbara,-122.22401,37.477932,2009-04-23 12:02:07,30.625,132,984042,N
21,Barbara,-122.22023,37.475204,2009-04-23 12:02:37,33.125,134,984506,N
21,Barbara,-122.21644,37.472466,2009-04-23 12:03:07,34.375,132,984959,N
21,Barbara,-122.21401,37.470684,2009-04-23 12:03:37,0,137,985251,N
21,Barbara,-122.2137,37.470463,2009-04-23 12:04:07,22.5,133,985279,N
21,Barbara,-122.20987,37.467625,2009-04-23 12:04:37,39.375,132,985735,N
21,Barbara,-122.205536,37.464706,2009-04-23 12:05:07,40,124,986237,N
21,Barbara,-122.20044,37.462185,2009-04-23 12:05:37,33.75,122,986769,N
21,Barbara,-122.1952,37.459583,2009-04-23 12:06:07,38.75,122,987315,N
21,Barbara,-122.19037,37.45718,2009-04-23 12:06:37,38.125,121,987820,N
21,Barbara,-122.18786,37.45594,2009-04-23 12:07:07,0,117,988099,N
21,Barbara,-122.18743,37.455738,2009-04-23 12:07:37,23.125,121,988124,N
21,Barbara,-122.18353,37.453808,2009-04-23 12:08:07,30,122,988547,N
21,Barbara,-122.18206,37.453102,2009-04-23 12:08:37,0,133,988700,Y
21,Barbara,-122.181915,37.453037,2009-04-23 12:09:07,11.875,121,988700,N
21,Barbara,-122.179596,37.454876,2009-04-23 12:09:37,20.625,31,989018,N
21,Barbara,-122.17926,37.455257,2009-04-23 12:10:07,15.625,32,989058,N
21,Barbara,-122.17696,37.45825,2009-04-23 12:10:37,32.5,31,989446,N
21,Barbara,-122.17468,37.45983,2009-04-23 12:11:07,16.25,123,989771,N
21,Barbara,-122.1745,37.459743,2009-04-23 12:11:37,0,122,989797,N
21,Barbara,-122.17337,37.459183,2009-04-23 12:12:07,28.125,123,989891,N
21,Barbara,-122.16864,37.45683,2009-04-23 12:12:37,37.5,122,990410,N
21,Barbara,-122.16465,37.4548,2009-04-23 12:13:07,20,123,990820,N
21,Barbara,-122.16101,37.453316,2009-04-23 12:13:37,26.875,128,991180,N
21,Barbara,-122.15838,37.45168,2009-04-23 12:14:07,0,131,991489,N
21,Barbara,-122.15838,37.45168,2009-04-23 12:14:37,0,131,991489,Y
21,Barbara,-122.157394,37.45107,2009-04-23 12:15:07,0,132,991600,N
21,Barbara,-122.155594,37.449898,2009-04-23 12:15:37,25,128,991795,N
21,Barbara,-122.15262,37.448032,2009-04-23 12:16:07,18.125,127,992142,N
21,Barbara,-122.15159,37.447784,2009-04-23 12:16:37,20.625,39,992236,N
21,Barbara,-122.149155,37.448757,2009-04-23 12:17:07,21.875,92,992497,N
21,Barbara,-122.14557,37.448788,2009-04-23 12:17:37,19.375,89,992817,N
21,Barbara,-122.1432,37.448757,2009-04-23 12:18:07,12.5,92,993040,N
21,Barbara,-122.13979,37.44875,2009-04-23 12:18:37,26.25,89,993346,N
21,Barbara,-122.13573,37.448757,2009-04-23 12:19:07,7.5,87,993703,N
21,Barbara,-122.13176,37.448746,2009-04-23 12:19:37,32.5,90,994057,N
21,Barbara,-122.128174,37.44842,2009-04-23 12:20:07,28.125,105,994379,N
21,Barbara,-122.12766,37.447548,2009-04-23 12:20:37,0,272,994516,Y
22,Barbara,-122.12756,37.446743,2009-04-28 10:40:05,0,172,998896,N
22,Barbara,-122.12755,37.44672,2009-04-28 10:40:35,4.375,165,998896,N
22,Barbara,-122.123535,37.447704,2009-04-28 10:41:05,35,82,999262,N
22,Barbara,-122.118355,37.4442,2009-04-28 10:41:35,56.25,139,999903,N
22,Barbara,-122.112335,37.438442,2009-04-28 10:42:05,62.5,140,1000737,N
22,Barbara,-122.10623,37.432625,2009-04-28 10:42:35,61.875,140,1001577,N
22,Barbara,-122.10038,37.42704,2009-04-28 10:43:05,58.75,140,1002380,N
22,Barbara,-122.094124,37.421947,2009-04-28 10:43:35,60,132,1003177,N
22,Barbara,-122.08784,37.417385,2009-04-28 10:44:05,56.875,132,1003933,N
22,Barbara,-122.08088,37.412815,2009-04-28 10:44:35,56.25,119,1004730,N
22,Barbara,-122.07315,37.409473,2009-04-28 10:45:05,58.75,120,1005507,N
22,Barbara,-122.06999,37.403954,2009-04-28 10:45:35,51.875,180,1006252,N
22,Barbara,-122.0694,37.397804,2009-04-28 10:46:05,45,168,1006941,N
22,Barbara,-122.06854,37.39266,2009-04-28 10:46:35,34.375,183,1007505,N
22,Barbara,-122.06887,37.38776,2009-04-28 10:47:05,52.5,176,1008042,N
22,Barbara,-122.06816,37.38139,2009-04-28 10:47:35,51.875,175,1008754,N
22,Barbara,-122.0688,37.37798,2009-04-28 10:48:05,28.125,20,1009287,N
22,Barbara,-122.06537,37.377182,2009-04-28 10:48:35,6.25,116,1009643,N
22,Barbara,-122.063484,37.376472,2009-04-28 10:49:05,26.25,115,1009823,N
22,Barbara,-122.0604,37.375282,2009-04-28 10:49:35,6.875,159,1010132,N
23,Barbara,-122.061935,37.3762,2009-04-28 11:22:08,0,205,1010564,N
23,Barbara,-122.06308,37.376602,2009-04-28 11:22:38,20.625,295,1010658,N
23,Barbara,-122.06627,37.378586,2009-04-28 11:23:08,30,334,1011043,N
23,Barbara,-122.068054,37.38315,2009-04-28 11:23:38,54.375,355,1011619,N
23,Barbara,-122.068474,37.390472,2009-04-28 11:24:08,58.75,4,1012434,N
23,Barbara,-122.06908,37.3978,2009-04-28 11:24:38,62.5,348,1013259,N
23,Barbara,-122.06969,37.405342,2009-04-28 11:25:08,63.125,1,1014100,N
23,Barbara,-122.07435,37.410797,2009-04-28 11:25:38,63.125,295,1014932,N
23,Barbara,-122.08281,37.414307,2009-04-28 11:26:08,63.125,307,1015776,N
23,Barbara,-122.090065,37.419437,2009-04-28 11:26:38,64.375,312,1016638,N
23,Barbara,-122.096115,37.42384,2009-04-28 11:27:08,47.5,312,1017361,N
23,Barbara,-122.10159,37.428696,2009-04-28 11:27:38,58.75,320,1018086,N
23,Barbara,-122.107605,37.434418,2009-04-28 11:28:08,60,320,1018920,N
23,Barbara,-122.113495,37.44002,2009-04-28 11:28:38,62.5,320,1019735,N
23,Barbara,-122.11895,37.445374,2009-04-28 11:29:08,50.625,320,1020479,N
23,Barbara,-122.123116,37.44952,2009-04-28 11:29:38,26.25,347,1021083,N
23,Barbara,-122.124565,37.448013,2009-04-28 11:30:08,45,229,1021533,N
23,Barbara,-122.12753,37.44744,2009-04-28 11:30:38,12.5,357,1021904,N
24,Alan,-122.12467,37.447872,2009-05-03 14:15:50,38.75,50,1030707,N
24,Alan,-122.12178,37.44841,2009-05-03 14:16:20,25,271,1031141,N
24,Alan,-122.12665,37.45235,2009-05-03 14:16:50,54.375,310,1031771,N
24,Alan,-122.13392,37.456627,2009-05-03 14:17:20,64.375,307,1032573,N
24,Alan,-122.141716,37.46118,2009-05-03 14:17:50,65.625,306,1033427,N
24,Alan,-122.15019,37.466118,2009-05-03 14:18:20,68.125,306,1034357,N
24,Alan,-122.15819,37.470795,2009-05-03 14:18:50,64.375,306,1035236,N
24,Alan,-122.16595,37.475357,2009-05-03 14:19:20,63.75,307,1036090,N
24,Alan,-122.17347,37.47977,2009-05-03 14:19:50,63.125,307,1036916,N
24,Alan,-122.18177,37.483925,2009-05-03 14:20:20,60.625,293,1037789,N
24,Alan,-122.191124,37.485886,2009-05-03 14:20:50,68.125,279,1038651,N
24,Alan,-122.20105,37.48713,2009-05-03 14:21:20,65.625,279,1039540,N
24,Alan,-122.20978,37.48849,2009-05-03 14:21:50,45,294,1040307,N
24,Alan,-122.21273,37.489216,2009-05-03 14:22:20,30.625,213,1040734,N
24,Alan,-122.21658,37.488804,2009-05-03 14:22:50,24.375,279,1041124,N
24,Alan,-122.22105,37.489353,2009-05-03 14:23:20,25.625,272,1041497,N
24,Alan,-122.22283,37.48791,2009-05-03 14:23:50,18.75,209,1041758,Y
24,Alan,-122.223495,37.486927,2009-05-03 14:24:20,0,200,1041902,Y
24,Alan,-122.22365,37.486736,2009-05-03 14:24:50,13.125,209,1041927,N
24,Alan,-122.22422,37.486305,2009-05-03 14:25:20,0,332,1041980,Y
25,Alan,-122.22257,37.486782,2009-05-03 15:12:28,31.25,86,1042163,Y
25,Alan,-122.21848,37.486965,2009-05-03 15:12:58,1.25,87,1042519,N
25,Alan,-122.21485,37.48714,2009-05-03 15:13:28,20,95,1042844,N
25,Alan,-122.211716,37.48806,2009-05-03 15:13:58,41.25,85,1043153,N
25,Alan,-122.20319,37.4871,2009-05-03 15:14:28,68.75,99,1043933,N
25,Alan,-122.19226,37.485744,2009-05-03 15:14:58,75,99,1044910,N
25,Alan,-122.181366,37.483486,2009-05-03 15:15:28,73.75,113,1045911,N
25,Alan,-122.17299,37.479156,2009-05-03 15:15:58,66.25,126,1046796,N
25,Alan,-122.16503,37.47453,2009-05-03 15:16:28,63.75,126,1047670,N
25,Alan,-122.15714,37.469894,2009-05-03 15:16:58,66.25,126,1048538,N
25,Alan,-122.1492,37.46524,2009-05-03 15:17:28,68.125,126,1049413,N
25,Alan,-122.14051,37.46012,2009-05-03 15:17:58,69.375,127,1050373,N
25,Alan,-122.13236,37.455288,2009-05-03 15:18:28,68.125,126,1051275,N
25,Alan,-122.12559,37.450954,2009-05-03 15:18:58,43.125,135,1052028,N
25,Alan,-122.125435,37.447388,2009-05-03 15:19:28,25,233,1052485,N
25,Alan,-122.12754,37.44694,2009-05-03 15:19:58,19.375,358,1052697,N
26,Barbara,-122.12755,37.446743,2009-05-05 10:30:44,0,169,1052884,N
26,Barbara,-122.12729,37.446648,2009-05-05 10:31:14,0,81,1052909,N
26,Barbara,-122.12526,37.447357,2009-05-05 10:31:44,33.125,58,1053106,N
26,Barbara,-122.12011,37.445797,2009-05-05 10:32:14,45,137,1053658,N
26,Barbara,-122.11491,37.44092,2009-05-05 10:32:44,61.875,140,1054369,N
26,Barbara,-122.10886,37.43513,2009-05-05 10:33:14,63.125,140,1055206,N
26,Barbara,-122.102936,37.42945,2009-05-05 10:33:44,55,144,1056034,N
26,Barbara,-122.101425,37.424244,2009-05-05 10:34:14,40.625,186,1056640,N
26,Barbara,-122.10173,37.422012,2009-05-05 10:34:44,26.25,185,1056889,N
26,Barbara,-122.102005,37.420017,2009-05-05 10:35:14,18.125,191,1057113,N
26,Barbara,-122.102905,37.417515,2009-05-05 10:35:44,17.5,199,1057383,N
26,Barbara,-122.10298,37.417385,2009-05-05 10:36:14,0,203,1057418,N
26,Barbara,-122.10324,37.416843,2009-05-05 10:36:44,18.75,199,1057475,N
26,Barbara,-122.10443,37.414074,2009-05-05 10:37:14,25,204,1057799,N
26,Barbara,-122.10674,37.411125,2009-05-05 10:37:44,36.25,208,1058197,N
26,Barbara,-122.1098,37.40711,2009-05-05 10:38:14,33.75,229,1058736,N
26,Barbara,-122.11041,37.406513,2009-05-05 10:38:44,17.5,210,1058815,N
26,Barbara,-122.10895,37.404995,2009-05-05 10:39:14,26.875,116,1059082,N
26,Barbara,-122.10643,37.402843,2009-05-05 10:39:44,20,216,1059439,N
26,Barbara,-122.107086,37.4017,2009-05-05 10:40:14,6.875,217,1059579,N
26,Barbara,-122.106674,37.401363,2009-05-05 10:40:44,0,122,1059657,N
26,Barbara,-122.106674,37.401363,2009-05-05 10:41:14,0,122,1059657,N
27,Barbara,-122.10725,37.401524,2009-05-05 11:15:27,5.625,27,1059766,N
27,Barbara,-122.10639,37.40286,2009-05-05 11:15:57,6.875,37,1059940,N
27,Barbara,-122.106476,37.4036,2009-05-05 11:16:27,26.875,330,1060021,N
27,Barbara,-122.1102,37.40566,2009-05-05 11:16:57,26.25,297,1060442,N
27,Barbara,-122.109116,37.4075,2009-05-05 11:17:27,40,52,1060712,N
27,Barbara,-122.10682,37.41082,2009-05-05 11:17:57,3.125,21,1061148,N
27,Barbara,-122.10663,37.41114,2009-05-05 11:18:27,0,5,1061201,N
27,Barbara,-122.10652,37.411285,2009-05-05 11:18:57,11.875,35,1061201,N
27,Barbara,-122.10552,37.4124,2009-05-05 11:19:27,12.5,35,1061362,N
27,Barbara,-122.1049,37.413124,2009-05-05 11:19:57,6.25,32,1061468,N
27,Barbara,-122.1041,37.41438,2009-05-05 11:20:27,13.125,21,1061608,N
27,Barbara,-122.10387,37.41488,2009-05-05 11:20:57,0,17,1061687,N
27,Barbara,-122.10387,37.41488,2009-05-05 11:21:27,0,17,1061687,N
27,Barbara,-122.10338,37.41598,2009-05-05 11:21:57,18.125,18,1061794,N
27,Barbara,-122.1019,37.419857,2009-05-05 11:22:27,39.375,10,1062249,N
27,Barbara,-122.10163,37.42155,2009-05-05 11:22:57,0,6,1062457,N
27,Barbara,-122.10155,37.42256,2009-05-05 11:23:27,31.25,4,1062570,N
27,Barbara,-122.101746,37.427666,2009-05-05 11:23:57,42.5,14,1063125,N
27,Barbara,-122.10201,37.429157,2009-05-05 11:24:27,45,319,1063581,N
27,Barbara,-122.10735,37.434246,2009-05-05 11:24:57,58.75,320,1064337,N
27,Barbara,-122.11301,37.43968,2009-05-05 11:25:27,56.875,321,1065124,N
27,Barbara,-122.11848,37.445053,2009-05-05 11:25:57,50,320,1065870,N
27,Barbara,-122.12261,37.449028,2009-05-05 11:26:27,38.75,322,1066466,N
27,Barbara,-122.12295,37.448975,2009-05-05 11:26:57,33.125,244,1066798,N
27,Barbara,-122.12708,37.446815,2009-05-05 11:27:27,25,249,1067240,N
27,Barbara,-122.127655,37.44753,2009-05-05 11:27:57,0,267,1067368,Y
28,Barbara,-122.11194,37.438114,2009-05-06 09:23:56,56.875,140,1069142,N
28,Barbara,-122.106514,37.432957,2009-05-06 09:24:26,55,140,1069888,N
28,Barbara,-122.10209,37.427933,2009-05-06 09:24:56,40.625,173,1070564,N
28,Barbara,-122.10149,37.423843,2009-05-06 09:25:26,31.25,181,1071043,N
28,Barbara,-122.10208,37.419697,2009-05-06 09:25:56,36.875,191,1071492,N
28,Barbara,-122.10309,37.41706,2009-05-06 09:26:26,6.25,198,1071806,N
28,Barbara,-122.103096,37.417034,2009-05-06 09:26:56,0,197,1071820,N
28,Barbara,-122.103424,37.416412,2009-05-06 09:27:26,16.25,198,1071874,N
28,Barbara,-122.10447,37.414017,2009-05-06 09:27:56,23.125,205,1072177,N
28,Barbara,-122.10646,37.4115,2009-05-06 09:28:26,31.875,215,1072496,N
28,Barbara,-122.109505,37.407337,2009-05-06 09:28:56,42.5,232,1073058,N
28,Barbara,-122.11061,37.406284,2009-05-06 09:29:26,0,195,1073212,N
28,Barbara,-122.10921,37.4051,2009-05-06 09:29:56,28.125,116,1073419,N
28,Barbara,-122.10875,37.404915,2009-05-06 09:30:26,4.375,117,1073477,N
28,Barbara,-122.106544,37.402718,2009-05-06 09:30:56,26.25,219,1073803,N
28,Barbara,-122.10639,37.40125,2009-05-06 09:31:26,5.625,116,1074062,N
29,Barbara,-122.10652,37.402718,2009-05-06 11:25:56,17.5,36,1074294,N
29,Barbara,-122.10642,37.402832,2009-05-06 11:26:26,0,37,1074329,N
29,Barbara,-122.107086,37.404205,2009-05-06 11:26:56,30.625,317,1074508,N
29,Barbara,-122.108406,37.404957,2009-05-06 11:27:26,20,295,1074644,N
29,Barbara,-122.11057,37.40576,2009-05-06 11:27:56,0,297,1074863,N
29,Barbara,-122.11057,37.40576,2009-05-06 11:28:26,0,297,1074863,N
29,Barbara,-122.111885,37.404335,2009-05-06 11:28:56,36.875,205,1075077,N
29,Barbara,-122.1138,37.401493,2009-05-06 11:29:26,16.875,292,1075426,N
29,Barbara,-122.11709,37.40387,2009-05-06 11:29:56,23.125,317,1075835,N
29,Barbara,-122.11977,37.40631,2009-05-06 11:30:26,35.625,325,1076197,N
29,Barbara,-122.122284,37.409424,2009-05-06 11:30:56,31.25,329,1076609,N
29,Barbara,-122.12377,37.411217,2009-05-06 11:31:26,31.25,328,1076848,N
29,Barbara,-122.12702,37.415047,2009-05-06 11:31:56,40.625,319,1077363,N
29,Barbara,-122.130875,37.417423,2009-05-06 11:32:26,33.125,302,1077782,N
29,Barbara,-122.13541,37.419777,2009-05-06 11:32:56,36.25,303,1078259,N
29,Barbara,-122.139694,37.42201,2009-05-06 11:33:26,28.125,304,1078728,N
29,Barbara,-122.14411,37.424294,2009-05-06 11:33:56,36.25,303,1079194,N
29,Barbara,-122.14835,37.427155,2009-05-06 11:34:26,33.125,318,1079689,N
29,Barbara,-122.15199,37.43037,2009-05-06 11:34:56,40.625,317,1080172,N
29,Barbara,-122.15618,37.434113,2009-05-06 11:35:26,41.25,318,1080729,N
29,Barbara,-122.15972,37.437206,2009-05-06 11:35:56,11.875,317,1081191,N
29,Barbara,-122.15978,37.43725,2009-05-06 11:36:26,0,319,1081204,N
29,Barbara,-122.16011,37.437542,2009-05-06 11:36:56,21.875,317,1081229,N
29,Barbara,-122.15921,37.437767,2009-05-06 11:37:26,13.125,71,1081389,N
29,Barbara,-122.159515,37.43783,2009-05-06 11:37:56,0,256,1081417,N
29,Barbara,-122.15945,37.4377,2009-05-06 11:38:26,12.5,71,1081470,N
29,Barbara,-122.15905,37.438454,2009-05-06 11:38:56,10.625,342,1081583,N
29,Barbara,-122.159355,37.438774,2009-05-06 11:39:26,0,316,1081610,N
30,Barbara,-122.16064,37.438168,2009-05-06 11:51:32,13.75,150,1081744,N
30,Barbara,-122.16016,37.437744,2009-05-06 11:52:02,0,132,1081825,N
30,Barbara,-122.15977,37.437614,2009-05-06 11:52:32,5.625,76,1081850,N
30,Barbara,-122.15876,37.4378,2009-05-06 11:53:02,6.875,165,1081952,N
30,Barbara,-122.15981,37.437454,2009-05-06 11:53:32,0,254,1082062,N
30,Barbara,-122.15981,37.437454,2009-05-06 11:54:02,0,254,1082062,Y
30,Barbara,-122.15983,37.43743,2009-05-06 11:54:32,5.625,254,1082062,N
30,Barbara,-122.16206,37.4392,2009-05-06 11:55:02,0,340,1082347,N
30,Barbara,-122.163445,37.440437,2009-05-06 11:55:32,23.75,323,1082531,N
30,Barbara,-122.16457,37.441704,2009-05-06 11:56:02,0,327,1082703,N
30,Barbara,-122.16449,37.442932,2009-05-06 11:56:32,23.125,36,1082852,N
30,Barbara,-122.16261,37.444855,2009-05-06 11:57:02,12.5,40,1083116,N
30,Barbara,-122.16253,37.44494,2009-05-06 11:57:32,5.625,36,1083146,N
30,Barbara,-122.162025,37.445454,2009-05-06 11:58:02,5.625,40,1083200,N
30,Barbara,-122.16179,37.445705,2009-05-06 11:58:32,0,40,1083256,N
30,Barbara,-122.16175,37.445732,2009-05-06 11:59:02,3.125,39,1083256,N
30,Barbara,-122.1613,37.44619,2009-05-06 11:59:32,3.75,24,1083309,N
30,Barbara,-122.161194,37.446316,2009-05-06 12:00:02,8.75,39,1083334,N
30,Barbara,-122.160614,37.446922,2009-05-06 12:00:32,5,39,1083416,N
30,Barbara,-122.15995,37.447567,2009-05-06 12:01:02,0,34,1083518,N
30,Barbara,-122.15905,37.44848,2009-05-06 12:01:32,18.125,39,1083623,N
30,Barbara,-122.1582,37.449368,2009-05-06 12:02:02,3.75,40,1083759,N
30,Barbara,-122.15738,37.450134,2009-05-06 12:02:32,20,39,1083885,N
30,Barbara,-122.15453,37.449295,2009-05-06 12:03:02,34.375,126,1084200,N
30,Barbara,-122.151344,37.447983,2009-05-06 12:03:32,25.625,39,1084558,N
30,Barbara,-122.14878,37.44875,2009-05-06 12:04:02,24.375,89,1084835,N
30,Barbara,-122.14521,37.44875,2009-05-06 12:04:32,22.5,91,1085161,N
30,Barbara,-122.142715,37.44872,2009-05-06 12:05:02,16.25,92,1085374,N
30,Barbara,-122.14306,37.448776,2009-05-06 12:05:32,8.75,283,1085458,N
30,Barbara,-122.14313,37.449512,2009-05-06 12:06:02,3.75,330,1085540,N
30,Barbara,-122.143166,37.448956,2009-05-06 12:06:32,0,350,1085601,N
30,Barbara,-122.143166,37.448956,2009-05-06 12:07:02,0,350,1085601,N
30,Barbara,-122.143166,37.448956,2009-05-06 12:07:32,0,350,1085601,N
30,Barbara,-122.14309,37.44913,2009-05-06 12:08:02,5,6,1085601,N
31,Barbara,-122.123436,37.44773,2009-05-06 15:20:35,41.25,84,1088272,N
31,Barbara,-122.11799,37.443874,2009-05-06 15:21:05,53.125,140,1088940,N
31,Barbara,-122.112495,37.4386,2009-05-06 15:21:35,55.625,140,1089704,N
31,Barbara,-122.106705,37.43309,2009-05-06 15:22:05,51.875,140,1090504,N
31,Barbara,-122.10215,37.42824,2009-05-06 15:22:35,39.375,170,1091163,N
31,Barbara,-122.10146,37.42392,2009-05-06 15:23:05,38.125,184,1091654,N
31,Barbara,-122.10176,37.422115,2009-05-06 15:23:35,0,182,1091874,N
31,Barbara,-122.10176,37.422115,2009-05-06 15:24:05,0,182,1091874,N
31,Barbara,-122.102036,37.42027,2009-05-06 15:24:35,35.625,187,1092081,N
31,Barbara,-122.102196,37.419487,2009-05-06 15:25:05,17.5,193,1092157,N
31,Barbara,-122.103355,37.416725,2009-05-06 15:25:35,4.375,197,1092482,N
31,Barbara,-122.10336,37.416718,2009-05-06 15:26:05,0,195,1092494,N
31,Barbara,-122.10336,37.416718,2009-05-06 15:26:35,0,195,1092494,N
31,Barbara,-122.10409,37.41499,2009-05-06 15:27:05,28.75,198,1092698,N
31,Barbara,-122.10628,37.411858,2009-05-06 15:27:35,35.625,213,1093099,N
31,Barbara,-122.10985,37.40717,2009-05-06 15:28:05,47.5,230,1093727,N
31,Barbara,-122.110695,37.406216,2009-05-06 15:28:35,0,201,1093858,N
31,Barbara,-122.110695,37.406216,2009-05-06 15:29:05,0,201,1093858,N
31,Barbara,-122.110695,37.406174,2009-05-06 15:29:35,3.75,205,1093858,N
31,Barbara,-122.10889,37.40499,2009-05-06 15:30:05,25.625,117,1094097,N
31,Barbara,-122.107925,37.4046,2009-05-06 15:30:35,30.625,119,1094192,N
31,Barbara,-122.10708,37.40216,2009-05-06 15:31:05,30.625,215,1094535,N
31,Barbara,-122.10669,37.401318,2009-05-06 15:31:35,0,177,1094674,N
32,Barbara,-122.10632,37.402924,2009-05-06 15:53:25,0,39,1094968,N
32,Barbara,-122.10632,37.402924,2009-05-06 15:53:55,0,39,1094968,N
32,Barbara,-122.10632,37.402924,2009-05-06 15:54:25,0,39,1094968,N
32,Barbara,-122.1092,37.40523,2009-05-06 15:54:55,37.5,296,1095340,N
32,Barbara,-122.10868,37.407776,2009-05-06 15:55:25,45,47,1095763,N
32,Barbara,-122.105934,37.411938,2009-05-06 15:55:55,26.875,36,1096302,N
32,Barbara,-122.104355,37.41391,2009-05-06 15:56:25,25,26,1096555,N
32,Barbara,-122.10357,37.415512,2009-05-06 15:56:55,0,22,1096767,N
32,Barbara,-122.10357,37.415512,2009-05-06 15:57:25,0,22,1096767,N
32,Barbara,-122.10354,37.415615,2009-05-06 15:57:55,15.625,18,1096767,N
32,Barbara,-122.10228,37.418854,2009-05-06 15:58:25,10,17,1097139,N
32,Barbara,-122.10177,37.42083,2009-05-06 15:58:55,11.875,9,1097373,N
32,Barbara,-122.10164,37.42186,2009-05-06 15:59:25,33.125,5,1097480,N
32,Barbara,-122.10139,37.425617,2009-05-06 15:59:55,32.5,347,1097914,N
32,Barbara,-122.10119,37.42883,2009-05-06 16:00:25,27.5,29,1098274,N
32,Barbara,-122.102684,37.429775,2009-05-06 16:00:55,41.875,319,1098674,N
32,Barbara,-122.10729,37.434155,2009-05-06 16:01:25,51.25,320,1099306,N
32,Barbara,-122.11236,37.438976,2009-05-06 16:01:55,50.625,320,1100005,N
32,Barbara,-122.11732,37.443756,2009-05-06 16:02:25,47.5,323,1100716,N
32,Barbara,-122.121574,37.447918,2009-05-06 16:02:55,40.625,320,1101314,N
32,Barbara,-122.122345,37.44923,2009-05-06 16:03:25,21.25,240,1101739,N
32,Barbara,-122.126495,37.447002,2009-05-06 16:03:55,29.375,249,1102175,N
32,Barbara,-122.12769,37.44756,2009-05-06 16:04:25,0,262,1102376,N
33,Barbara,-122.12667,37.447407,2009-05-07 09:15:38,20.625,179,1102609,Y
33,Barbara,-122.12388,37.447666,2009-05-07 09:16:08,33.75,81,1102917,N
33,Barbara,-122.11898,37.444798,2009-05-07 09:16:38,43.125,138,1103482,N
33,Barbara,-122.11436,37.440422,2009-05-07 09:17:08,51.25,140,1104114,N
33,Barbara,-122.10932,37.43564,2009-05-07 09:17:38,53.75,140,1104806,N
33,Barbara,-122.10447,37.431015,2009-05-07 09:18:08,48.75,140,1105478,N
33,Barbara,-122.10166,37.426273,2009-05-07 09:18:38,46.25,165,1106078,N
33,Barbara,-122.101616,37.422684,2009-05-07 09:19:08,18.125,186,1106491,N
33,Barbara,-122.10212,37.41956,2009-05-07 09:19:38,1.25,191,1106844,N
33,Barbara,-122.10213,37.41956,2009-05-07 09:20:08,0,191,1106854,N
33,Barbara,-122.10317,37.417053,2009-05-07 09:20:38,20.625,199,1107127,N
33,Barbara,-122.103264,37.4168,2009-05-07 09:21:08,0,200,1107175,N
33,Barbara,-122.103264,37.4168,2009-05-07 09:21:38,0,200,1107175,Y
33,Barbara,-122.10451,37.413933,2009-05-07 09:22:08,33.75,205,1107515,N
33,Barbara,-122.107086,37.410458,2009-05-07 09:22:38,37.5,196,1107965,N
33,Barbara,-122.1101,37.406944,2009-05-07 09:23:08,20,220,1108433,N
33,Barbara,-122.11023,37.406807,2009-05-07 09:23:38,0,214,1108472,N
33,Barbara,-122.110374,37.405586,2009-05-07 09:24:08,16.25,116,1108641,N
33,Barbara,-122.108604,37.404884,2009-05-07 09:24:38,24.375,116,1108815,N
33,Barbara,-122.10635,37.40312,2009-05-07 09:25:08,0,164,1109102,Y
33,Barbara,-122.106964,37.401505,2009-05-07 09:25:38,11.875,116,1109326,N
34,Barbara,-122.106606,37.402626,2009-05-07 10:19:38,20.625,34,1109624,N
34,Barbara,-122.10665,37.403812,2009-05-07 10:20:08,29.375,326,1109781,N
34,Barbara,-122.11044,37.405785,2009-05-07 10:20:38,18.125,297,1110177,N
34,Barbara,-122.107925,37.408535,2009-05-07 10:21:08,35.625,32,1110573,N
34,Barbara,-122.10715,37.410046,2009-05-07 10:21:38,0,7,1110773,N
34,Barbara,-122.10711,37.410164,2009-05-07 10:22:08,0,10,1110773,N
34,Barbara,-122.10688,37.41076,2009-05-07 10:22:38,7.5,22,1110853,N
34,Barbara,-122.1065,37.41131,2009-05-07 10:23:08,2.5,34,1110903,N
34,Barbara,-122.1065,37.411316,2009-05-07 10:23:38,0,32,1110928,N
34,Barbara,-122.10634,37.41157,2009-05-07 10:24:08,4.375,35,1110955,N
34,Barbara,-122.10528,37.412815,2009-05-07 10:24:38,10.625,33,1111127,N
34,Barbara,-122.104675,37.41355,2009-05-07 10:25:08,11.875,29,1111219,N
34,Barbara,-122.10392,37.414906,2009-05-07 10:25:38,5.625,19,1111374,N
34,Barbara,-122.1037,37.41537,2009-05-07 10:26:08,0,18,1111445,N
34,Barbara,-122.1034,37.41605,2009-05-07 10:26:38,23.75,18,1111505,N
34,Barbara,-122.101906,37.41993,2009-05-07 10:27:08,31.875,10,1111964,N
34,Barbara,-122.101685,37.421013,2009-05-07 10:27:38,0,7,1112102,N
34,Barbara,-122.10148,37.42235,2009-05-07 10:28:08,33.75,5,1112251,N
34,Barbara,-122.10176,37.42718,2009-05-07 10:28:38,39.375,360,1112796,N
34,Barbara,-122.101,37.42837,2009-05-07 10:29:08,30,278,1113177,N
34,Barbara,-122.10537,37.432293,2009-05-07 10:29:38,47.5,320,1113741,N
34,Barbara,-122.11017,37.436867,2009-05-07 10:30:08,46.875,320,1114403,N
34,Barbara,-122.11502,37.441494,2009-05-07 10:30:38,50.625,320,1115071,N
34,Barbara,-122.11993,37.44631,2009-05-07 10:31:08,50.625,320,1115759,N
34,Barbara,-122.122505,37.450012,2009-05-07 10:31:38,29.375,74,1116309,N
34,Barbara,-122.12548,37.447372,2009-05-07 10:32:08,36.25,235,1116799,N
34,Barbara,-122.12757,37.44752,2009-05-07 10:32:38,3.125,267,1117071,N
